0,1,2
0.9773269673830657,0.8585858585858586,-0.010101010101010166
0.9849904908447088,-0.41414141414141437,0.030303030303030276
0.9981728436635192,-0.010101010101010166,-0.9595959595959598
0.9889108832257432,-0.7979797979797982,0.050505050505050386
0.9970854440626187,-0.9393939393939394,0.010101010101010055
0.9983776452611831,-0.7373737373737375,0.07070707070707061
0.9865222983656398,0.9191919191919192,-0.030303030303030498
0.9589249852476536,0.9797979797979798,-0.05050505050505061
0.9803885846128053,0.19191919191919182,-0.1717171717171717
0.998281689766939,0.9595959595959596,-0.010101010101010166
0.9961077451112408,0.41414141414141414,-0.010101010101010166
0.998281689766939,-0.010101010101010166,0.9595959595959596
0.9973706479344928,0.7373737373737373,-0.09090909090909105
0.9970854440626187,-0.010101010101010166,0.9393939393939394
0.9895211299660863,0.1717171717171716,-0.2323232323232325
0.9983480947657326,0.43434343434343425,-0.010101010101010166
0.9865222983656395,-0.9191919191919193,0.030303030303030276
0.9983776452611831,-0.7373737373737375,0.07070707070707061
0.9851678335170306,-0.010101010101010166,-0.4747474747474749
0.9983444343012225,-0.4343434343434345,-0.010101010101010166
0.9892945717941279,-0.7777777777777779,0.050505050505050386
0.9965280539556917,-0.19191919191919204,0.19191919191919182
0.9824177063965679,0.7373737373737373,-0.11111111111111116
0.998497047142468,-0.19191919191919204,0.21212121212121204
0.980388584612806,0.1717171717171716,-0.19191919191919204
0.998281689766939,0.9595959595959596,-0.010101010101010166
0.998497047142468,-0.19191919191919204,0.21212121212121204
0.9918347299333764,-0.21212121212121215,0.1717171717171716
0.9965215868655044,-0.7575757575757578,0.09090909090909083
0.9852895197963065,0.43434343434343425,0.030303030303030276
0.9981728436635197,0.9595959595959596,0.010101010101010055
0.997928145173413,-0.010101010101010166,-0.9797979797979799
0.9889108832257432,-0.7979797979797982,0.050505050505050386
0.9940914617002524,-0.7171717171717173,0.09090909090909083
0.9965215868655044,-0.7575757575757578,0.09090909090909083
0.9851678335170311,0.4747474747474747,0.010101010101010055
0.9981728436635192,-0.9595959595959598,-0.010101010101010166
0.9944020085067976,0.9191919191919192,-0.010101010101010166
0.9953851187126992,-1.0,-0.010101010101010166
0.9988787158910348,0.7575757575757576,-0.07070707070707072
0.9988787158910348,-0.07070707070707072,0.7575757575757576
0.9803885846128053,0.19191919191919182,-0.1717171717171717
0.9901782839559315,0.898989898989899,-0.010101010101010166
0.9958649356973448,-0.9393939393939394,-0.010101010101010166
0.9856828069610245,-0.9595959595959598,0.030303030303030276
0.9973706479344928,0.7373737373737373,-0.09090909090909105
0.9945519879738218,-0.4545454545454546,-0.010101010101010166
0.980388584612806,-0.19191919191919204,0.1717171717171716
0.998497047142468,-0.21212121212121215,0.19191919191919182
0.9785494811410959,-0.7171717171717173,0.11111111111111105
0.9865222983656398,0.9191919191919192,-0.030303030303030498
0.9808718753170094,-0.7575757575757578,0.11111111111111105
0.9965215868655044,-0.7575757575757578,0.09090909090909083
0.9940914617002526,0.7171717171717171,-0.09090909090909105
0.9983776452611831,-0.7373737373737375,0.07070707070707061
0.9918347299333766,0.1717171717171716,-0.21212121212121215
0.9983776452611838,0.7373737373737373,-0.07070707070707072
0.9983776452611831,-0.7373737373737375,0.07070707070707061
0.9790822587927303,-0.2323232323232325,0.1515151515151515
0.9981728436635192,-0.9595959595959598,-0.010101010101010166
0.9889108832257425,0.797979797979798,-0.05050505050505061
0.9853605135340858,-0.030303030303030498,-0.9595959595959598
0.994551987973822,0.010101010101010055,0.4545454545454545
0.998497047142468,0.21212121212121204,-0.19191919191919204
0.9983444343012225,-0.4343434343434345,-0.010101010101010166
0.9889108832257425,0.797979797979798,-0.05050505050505061
0.9918347299333766,-0.1717171717171717,0.21212121212121204
0.9983776452611838,-0.07070707070707072,0.7373737373737373
0.9790822587927307,0.23232323232323226,-0.1515151515151516
0.9731266240799097,-0.8787878787878789,-0.010101010101010166
0.9983480947657326,-0.4343434343434345,0.010101010101010055
0.998497047142468,-0.21212121212121215,0.19191919191919182
0.9856828069610245,0.030303030303030276,-0.9595959595959598
0.9966501597229891,0.7777777777777778,-0.07070707070707072
0.9981188878419877,0.9797979797979798,-0.010101010101010166
0.9983776452611838,-0.07070707070707072,0.7373737373737373
0.9857066452631947,-0.05050505050505061,0.7373737373737373
0.9908810411549933,0.9191919191919192,0.010101010101010055
0.996107745111241,-0.41414141414141437,0.010101010101010055
0.982417706396567,-0.7373737373737375,0.11111111111111105
0.9983444343012225,-0.4343434343434345,-0.010101010101010166
0.9983480947657326,-0.4343434343434345,0.010101010101010055
0.9983444343012225,-0.4343434343434345,-0.010101010101010166
0.9892945717941279,-0.7777777777777779,0.050505050505050386
0.9981188878419877,0.9797979797979798,-0.010101010101010166
0.998281689766939,0.9595959595959596,-0.010101010101010166
0.9965215868655044,-0.7575757575757578,0.09090909090909083
0.9966501597229891,0.7777777777777778,-0.07070707070707072
0.9966501597229891,0.7777777777777778,-0.07070707070707072
0.998281689766939,-0.9595959595959598,0.010101010101010055
0.9889108832257432,-0.7979797979797982,0.050505050505050386
0.996107745111241,-0.41414141414141437,0.010101010101010055
0.9785494811410963,0.7171717171717171,-0.11111111111111116
0.9965215868655044,-0.7575757575757578,0.09090909090909083
0.9965215868655042,0.7575757575757576,-0.09090909090909105
0.9871738017468435,0.8181818181818181,-0.05050505050505061
0.9911674135677025,0.21212121212121204,-0.21212121212121215
0.9983444343012225,-0.4343434343434345,-0.010101010101010166
0.998497047142468,0.21212121212121204,-0.19191919191919204
0.9988787158910348,0.7575757575757576,-0.07070707070707072
0.9818604416116403,0.7171717171717171,-0.05050505050505061
0.998497047142468,0.21212121212121204,-0.19191919191919204
0.9973706479344928,-0.09090909090909105,0.7373737373737373
0.9973706479344924,-0.7373737373737375,0.09090909090909083
0.9983444343012225,0.43434343434343425,0.010101010101010055
0.9953851187126992,1.0,0.010101010101010055
0.998497047142468,0.21212121212121204,-0.19191919191919204
0.9862512251650793,-0.9393939393939394,0.030303030303030276
0.9877944397819105,-0.010101010101010166,0.3939393939393939
0.9785494811410959,-0.7171717171717173,0.11111111111111105
0.9595931176653472,-0.05050505050505061,0.43434343434343425
0.9988787158910348,-0.07070707070707072,0.7575757575757576
0.9951284267461078,-0.07070707070707072,0.7171717171717171
0.9740970033875168,0.7777777777777778,-0.11111111111111116
0.9961077451112408,0.41414141414141414,-0.010101010101010166
0.9988787158910348,0.07070707070707061,-0.7575757575757578
0.9983776452611838,-0.07070707070707072,0.7373737373737373
0.9988787158910348,0.7575757575757576,-0.07070707070707072
0.9967871647557598,-1.0,0.010101010101010055
0.9988787158910348,0.7575757575757576,-0.07070707070707072
0.998281689766939,-0.010101010101010166,0.9595959595959596
0.9944020085067976,-0.010101010101010166,0.9191919191919192
0.9983776452611838,0.7373737373737373,-0.07070707070707072
0.9895211299660861,0.23232323232323226,-0.1717171717171717
0.9983480947657326,-0.4343434343434345,0.010101010101010055
0.9965215868655037,-0.09090909090909105,0.7575757575757576
0.9973706479344928,0.7373737373737373,-0.09090909090909105
0.9983444343012225,-0.4343434343434345,-0.010101010101010166
0.9983480947657326,0.43434343434343425,-0.010101010101010166
0.9892945717941273,0.7777777777777778,-0.05050505050505061
0.9970854440626187,0.9393939393939394,-0.010101010101010166
0.9863324266222221,0.898989898989899,-0.030303030303030498
0.9973706479344924,-0.7373737373737375,0.09090909090909083
0.9988787158910348,0.7575757575757576,-0.07070707070707072
0.9988787158910348,0.7575757575757576,-0.07070707070707072
0.9983444343012228,0.010101010101010055,0.43434343434343425
0.9892945717941273,0.7777777777777778,-0.05050505050505061
0.9918886017869909,0.07070707070707061,-0.7979797979797982
0.9889108832257432,-0.7979797979797982,0.050505050505050386
0.9944020085067976,-0.010101010101010166,0.9191919191919192
0.9966501597229898,-0.7777777777777779,0.07070707070707061
0.9983444343012225,0.43434343434343425,0.010101010101010055
0.9892945717941279,-0.7777777777777779,0.050505050505050386
0.9918886017869902,0.797979797979798,-0.07070707070707072
0.9970854440626187,0.9393939393939394,-0.010101010101010166
0.9988787158910348,0.7575757575757576,-0.07070707070707072
0.9973706479344928,0.7373737373737373,-0.09090909090909105
0.9862512251650793,-0.9393939393939394,0.030303030303030276
0.9866140352650878,-0.2323232323232325,0.19191919191919182
0.9966501597229898,0.07070707070707061,-0.7777777777777779
0.998281689766939,0.9595959595959596,-0.010101010101010166
0.9823825437623581,0.030303030303030276,-0.4545454545454546
0.9981188878419877,0.9797979797979798,-0.010101010101010166
0.9889108832257425,0.797979797979798,-0.05050505050505061
0.9882241310134933,-0.7575757575757578,0.050505050505050386
0.9908810411549933,-0.010101010101010166,-0.9191919191919193
0.998281689766939,-0.010101010101010166,0.9595959595959596
0.9973706479344924,-0.7373737373737375,0.09090909090909083
0.9988787158910348,-0.7575757575757578,0.07070707070707061
0.9918347299333764,-0.21212121212121215,0.1717171717171716
0.9871738017468438,-0.8181818181818183,0.050505050505050386
0.9983444343012225,-0.4343434343434345,-0.010101010101010166
0.9966501597229891,0.7777777777777778,-0.07070707070707072
0.9988787158910348,0.7575757575757576,-0.07070707070707072
0.9866140352650878,0.19191919191919182,-0.2323232323232325
0.9951284267461078,0.7171717171717171,-0.07070707070707072
0.9983776452611831,-0.7373737373737375,0.07070707070707061
0.9916640835037456,-0.7777777777777779,0.09090909090909083
0.994551987973822,0.010101010101010055,0.4545454545454545
0.998497047142468,-0.21212121212121215,0.19191919191919182
0.9865222983656395,-0.9191919191919193,0.030303030303030276
0.9824177063965679,0.7373737373737373,-0.11111111111111116
0.9895211299660861,0.23232323232323226,-0.1717171717171717
0.9981188878419877,-0.010101010101010166,0.9797979797979798
0.9940914617002526,0.7171717171717171,-0.09090909090909105
0.9895211299660863,0.1717171717171716,-0.2323232323232325
0.9554711257126249,-0.6767676767676769,0.11111111111111105
0.9916640835037456,-0.7777777777777779,0.09090909090909083
0.9868224822068871,-0.09090909090909105,0.696969696969697
0.9983776452611838,0.7373737373737373,-0.07070707070707072
0.9973706479344928,0.7373737373737373,-0.09090909090909105
0.9892945717941273,0.7777777777777778,-0.05050505050505061
0.9988787158910348,-0.7575757575757578,0.07070707070707061
0.9731266240799099,0.8787878787878788,0.010101010101010055
0.9973706479344924,-0.7373737373737375,0.09090909090909083
0.9823825437623581,-0.4545454545454546,0.030303030303030276
0.9863324266222221,0.898989898989899,-0.030303030303030498
0.9983444343012225,-0.4343434343434345,-0.010101010101010166
0.9865222983656398,0.9191919191919192,-0.030303030303030498
0.9863324266222221,0.898989898989899,-0.030303030303030498
0.9892958592041714,0.07070707070707061,-0.696969696969697
0.998497047142468,-0.21212121212121215,0.19191919191919182
0.9983480947657326,0.43434343434343425,-0.010101010101010166
0.988224131013493,0.7575757575757576,-0.05050505050505061
0.9916640835037449,0.7777777777777778,-0.09090909090909105
0.9988787158910348,0.7575757575757576,-0.07070707070707072
0.971600498554469,0.8181818181818181,-0.09090909090909105
0.9965215868655044,-0.7575757575757578,0.09090909090909083
0.9889108832257432,-0.7979797979797982,0.050505050505050386
0.9882241310134933,-0.7575757575757578,0.050505050505050386
0.9892945717941273,0.7777777777777778,-0.05050505050505061
0.984312936679339,-0.030303030303030498,1.0
0.9965215868655042,0.7575757575757576,-0.09090909090909105
0.9808718753170094,-0.7575757575757578,0.11111111111111105
0.9862512251650793,0.9393939393939394,-0.030303030303030498
0.9714009442482681,-0.21212121212121215,0.1515151515151515
0.9865222983656398,0.9191919191919192,-0.030303030303030498
0.998281689766939,-0.010101010101010166,0.9595959595959596
0.998497047142468,0.21212121212121204,-0.19191919191919204
0.9988787158910348,0.7575757575757576,-0.07070707070707072
0.984984228748983,0.030303030303030276,-0.9797979797979799
0.9865222983656395,-0.9191919191919193,0.030303030303030276
0.9918886017869909,0.07070707070707061,-0.7979797979797982
0.9951284267461078,0.7171717171717171,-0.07070707070707072
0.9970854440626187,-0.9393939393939394,0.010101010101010055
0.998281689766939,-0.9595959595959598,0.010101010101010055
0.9918347299333766,0.21212121212121204,-0.1717171717171717
0.9965215868655044,-0.7575757575757578,0.09090909090909083
0.9901782839559315,-0.010101010101010166,0.898989898989899
0.9853003584355792,0.43434343434343425,-0.030303030303030498
0.9953660364598484,0.41414141414141414,0.010101010101010055
0.980509692211064,0.8585858585858586,-0.05050505050505061
0.9983776452611831,0.07070707070707061,-0.7373737373737375
0.9889108832257432,-0.7979797979797982,0.050505050505050386
0.9973706479344928,0.7373737373737373,-0.09090909090909105
0.9918347299333764,-0.21212121212121215,0.1717171717171716
0.9988787158910348,0.7575757575757576,-0.07070707070707072
0.9889108832257425,0.797979797979798,-0.05050505050505061
0.9967871647557598,-1.0,0.010101010101010055
0.988224131013493,0.7575757575757576,-0.05050505050505061
0.9966501597229898,0.07070707070707061,-0.7777777777777779
0.9983444343012225,-0.4343434343434345,-0.010101010101010166
0.9958649356973448,0.010101010101010055,0.9393939393939394
0.9973706479344924,-0.7373737373737375,0.09090909090909083
0.9892945717941279,-0.7777777777777779,0.050505050505050386
0.9988787158910348,0.7575757575757576,-0.07070707070707072
0.998497047142468,0.21212121212121204,-0.19191919191919204
0.9918347299333766,0.21212121212121204,-0.1717171717171717
0.9868224822068871,-0.09090909090909105,0.696969696969697
0.9983444343012225,-0.4343434343434345,-0.010101010101010166
0.9918347299333764,-0.21212121212121215,0.1717171717171716
0.9944020085067976,0.9191919191919192,-0.010101010101010166
0.9568169298824609,0.2727272727272727,-0.1313131313131315
0.9988787158910348,0.07070707070707061,-0.7575757575757578
0.9892945717941277,0.050505050505050386,-0.7777777777777779
0.9911674135677025,-0.21212121212121215,0.21212121212121204
0.9863324266222221,0.898989898989899,-0.030303030303030498
0.9953851187126992,-0.010101010101010166,-1.0
0.982417706396567,-0.7373737373737375,0.11111111111111105
0.9961077451112412,0.010101010101010055,-0.41414141414141437
0.9918347299333764,-0.21212121212121215,0.1717171717171716
0.9945519879738218,-0.4545454545454546,-0.010101010101010166
0.9849904908447088,-0.41414141414141437,0.030303030303030276
0.998497047142468,0.21212121212121204,-0.19191919191919204
0.9769103930871522,-0.696969696969697,0.050505050505050386
0.9694104303090474,-0.11111111111111116,0.696969696969697
0.9852895197963065,-0.030303030303030498,-0.4343434343434345
0.9871738017468435,-0.05050505050505061,0.8181818181818181
0.9981188878419874,-0.9797979797979799,0.010101010101010055
0.9951284267461076,-0.7171717171717173,0.07070707070707061
0.9988787158910348,0.7575757575757576,-0.07070707070707072
0.9958649356973448,0.9393939393939394,0.010101010101010055
0.9973706479344924,-0.7373737373737375,0.09090909090909083
0.9973706479344928,-0.09090909090909105,0.7373737373737373
0.9812209897816393,-0.6767676767676769,0.07070707070707061
0.9966501597229898,-0.7777777777777779,0.07070707070707061
0.9808718753170094,0.7575757575757576,-0.11111111111111116
0.988224131013493,0.7575757575757576,-0.05050505050505061
0.9944020085067974,0.010101010101010055,-0.9191919191919193
0.9916640835037456,0.09090909090909083,-0.7777777777777779
0.9965280539556917,-0.19191919191919204,0.19191919191919182
0.9965215868655044,-0.7575757575757578,0.09090909090909083
0.9951284267461078,-0.07070707070707072,0.7171717171717171
0.9983480947657326,0.43434343434343425,-0.010101010101010166
0.9886147379654528,0.010101010101010055,-0.4747474747474749
0.9958649356973448,-0.010101010101010166,-0.9393939393939394
0.9981728436635192,-0.9595959595959598,-0.010101010101010166
0.998281689766939,-0.9595959595959598,0.010101010101010055
0.9965280539556917,0.19191919191919182,-0.19191919191919204
0.998281689766939,0.9595959595959596,-0.010101010101010166
0.9537628815420955,-0.7373737373737375,0.13131313131313127
0.9666236674467752,-0.8585858585858588,0.07070707070707061
0.9849842287489832,-0.9797979797979799,0.030303030303030276
0.9901782839559318,-0.8989898989898992,0.010101010101010055
0.9908810411549933,-0.9191919191919193,-0.010101010101010166
0.9979281451734132,0.9797979797979798,0.010101010101010055
0.9965215868655044,-0.7575757575757578,0.09090909090909083
0.9983480947657326,0.43434343434343425,-0.010101010101010166
0.9953851187126992,0.010101010101010055,1.0
0.9981728436635197,0.9595959595959596,0.010101010101010055
0.9988787158910348,-0.7575757575757578,0.07070707070707061
0.9868224822068873,-0.696969696969697,0.09090909090909083
0.9988787158910348,-0.7575757575757578,0.07070707070707061
0.9965280539556917,-0.19191919191919204,0.19191919191919182
0.9865222983656395,-0.9191919191919193,0.030303030303030276
0.998497047142468,0.21212121212121204,-0.19191919191919204
0.9889108832257425,0.797979797979798,-0.05050505050505061
0.9981728436635192,-0.010101010101010166,-0.9595959595959598
0.998281689766939,0.010101010101010055,-0.9595959595959598
0.9981188878419874,-0.9797979797979799,0.010101010101010055
0.9965215868655042,0.7575757575757576,-0.09090909090909105
0.998497047142468,0.21212121212121204,-0.19191919191919204
0.980388584612806,-0.19191919191919204,0.1717171717171716
0.9965280539556917,-0.19191919191919204,0.19191919191919182
0.9965215868655042,0.7575757575757576,-0.09090909090909105
0.9889108832257432,-0.7979797979797982,0.050505050505050386
0.9951284267461076,-0.7171717171717173,0.07070707070707061
0.9983444343012228,-0.010101010101010166,-0.4343434343434345
0.9916640835037456,-0.7777777777777779,0.09090909090909083
0.9967871647557598,1.0,-0.010101010101010166
0.9940914617002526,0.7171717171717171,-0.09090909090909105
0.9892945717941273,0.7777777777777778,-0.05050505050505061
0.9983776452611831,-0.7373737373737375,0.07070707070707061
0.998497047142468,0.21212121212121204,-0.19191919191919204
0.9951284267461076,-0.7171717171717173,0.07070707070707061
0.9951284267461076,-0.7171717171717173,0.07070707070707061
0.9889108832257425,0.797979797979798,-0.05050505050505061
0.9958649356973448,-0.010101010101010166,-0.9393939393939394
0.9988787158910348,0.7575757575757576,-0.07070707070707072
0.9983776452611831,-0.7373737373737375,0.07070707070707061
0.9983444343012225,-0.4343434343434345,-0.010101010101010166
0.9965280539556917,-0.19191919191919204,0.19191919191919182
0.9862512251650793,0.030303030303030276,-0.9393939393939394
0.9983480947657326,-0.4343434343434345,0.010101010101010055
0.9981728436635197,0.9595959595959596,0.010101010101010055
0.9918886017869909,-0.7979797979797982,0.07070707070707061
0.9973706479344924,-0.7373737373737375,0.09090909090909083
0.9983776452611838,-0.07070707070707072,0.7373737373737373
0.998281689766939,-0.9595959595959598,0.010101010101010055
0.9973706479344928,0.7373737373737373,-0.09090909090909105
0.9863324266222219,-0.8989898989898992,0.030303030303030276
0.998497047142468,0.21212121212121204,-0.19191919191919204
0.9973706479344928,0.7373737373737373,-0.09090909090909105
0.9812209897816389,-0.07070707070707072,0.6767676767676767
0.9967871647557598,-1.0,0.010101010101010055
0.9892945717941273,0.7777777777777778,-0.05050505050505061
0.9865222983656398,0.9191919191919192,-0.030303030303030498
0.9844459385679787,0.8787878787878788,-0.010101010101010166
0.9911674135677025,0.21212121212121204,-0.21212121212121215
0.9988787158910348,0.7575757575757576,-0.07070707070707072
0.9981728436635197,0.010101010101010055,0.9595959595959596
0.9865222983656395,0.030303030303030276,-0.9191919191919193
0.9981188878419874,-0.9797979797979799,0.010101010101010055
0.9988787158910348,0.07070707070707061,-0.7575757575757578
0.9918347299333766,0.1717171717171716,-0.21212121212121215
0.9983444343012225,-0.4343434343434345,-0.010101010101010166
0.998497047142468,-0.21212121212121215,0.19191919191919182
0.9892945717941279,-0.7777777777777779,0.050505050505050386
0.9953851187126992,0.010101010101010055,1.0
0.9981728436635197,0.9595959595959596,0.010101010101010055
0.9940914617002526,0.7171717171717171,-0.09090909090909105
0.9804656917092486,-0.39393939393939403,0.030303030303030276
0.980388584612806,-0.19191919191919204,0.1717171717171716
0.9973706479344928,0.7373737373737373,-0.09090909090909105
0.9846210200584986,-0.010101010101010166,-0.39393939393939403
0.9970854440626187,-0.010101010101010166,0.9393939393939394
0.9988787158910348,-0.7575757575757578,0.07070707070707061
0.9953851187126992,0.010101010101010055,1.0
0.9940914617002524,-0.7171717171717173,0.09090909090909083
0.9916640835037449,0.7777777777777778,-0.09090909090909105
0.9965215868655044,-0.7575757575757578,0.09090909090909083
0.985682806961025,0.9595959595959596,-0.030303030303030498
0.998281689766939,0.9595959595959596,-0.010101010101010166
0.998281689766939,0.9595959595959596,-0.010101010101010166
0.9983480947657326,0.43434343434343425,-0.010101010101010166
0.9889108832257425,0.797979797979798,-0.05050505050505061
0.9965215868655042,0.7575757575757576,-0.09090909090909105
0.972569483758563,0.3737373737373737,-0.010101010101010166
0.9866140352650881,0.23232323232323226,-0.19191919191919204
0.961903578994739,-0.2525252525252526,0.13131313131313127
0.998281689766939,-0.9595959595959598,0.010101010101010055
0.9954942190669169,0.010101010101010055,-0.4545454545454546
0.9983776452611831,-0.7373737373737375,0.07070707070707061
0.996107745111241,-0.010101010101010166,0.41414141414141414
0.9983480947657326,0.43434343434343425,-0.010101010101010166
0.9918347299333766,-0.1717171717171717,0.21212121212121204
0.9790822587927307,0.23232323232323226,-0.1515151515151516
0.9866140352650878,0.19191919191919182,-0.2323232323232325
0.9965215868655042,0.7575757575757576,-0.09090909090909105
0.9981188878419877,-0.010101010101010166,0.9797979797979798
0.9868224822068873,0.696969696969697,-0.09090909090909105
0.9951284267461078,-0.07070707070707072,0.7171717171717171
0.9965280539556917,0.19191919191919182,-0.19191919191919204
0.9707775644533094,0.3737373737373737,-0.030303030303030498
0.9857066452631947,0.7373737373737373,-0.05050505050505061
0.9865222983656398,0.9191919191919192,-0.030303030303030498
0.998497047142468,-0.19191919191919204,0.21212121212121204
0.9882241310134933,-0.7575757575757578,0.050505050505050386
0.9988787158910348,0.7575757575757576,-0.07070707070707072
0.9855358129271774,0.8787878787878788,-0.030303030303030498
0.9862512251650796,-0.030303030303030498,0.9393939393939394
0.9865222983656395,-0.9191919191919193,0.030303030303030276
0.9940914617002524,0.09090909090909083,-0.7171717171717173
0.9827942907462421,0.030303030303030276,0.41414141414141414
0.9832433180732039,0.010101010101010055,0.898989898989899
0.9983776452611838,0.7373737373737373,-0.07070707070707072
0.9979281451734132,0.010101010101010055,0.9797979797979798
0.9865222983656395,-0.9191919191919193,0.030303030303030276
0.9918347299333764,-0.21212121212121215,0.1717171717171716
0.9981188878419877,0.9797979797979798,-0.010101010101010166
0.9983776452611831,-0.7373737373737375,0.07070707070707061
0.9967871647557598,1.0,-0.010101010101010166
0.9892945717941277,0.050505050505050386,-0.7777777777777779
0.9965280539556917,-0.19191919191919204,0.19191919191919182
0.998497047142468,0.21212121212121204,-0.19191919191919204
0.994551987973822,0.010101010101010055,0.4545454545454545
0.9966501597229891,-0.07070707070707072,0.7777777777777778
0.9965215868655037,-0.09090909090909105,0.7575757575757576
0.9966501597229898,-0.7777777777777779,0.07070707070707061
0.9623095151455542,0.41414141414141414,-0.05050505050505061
0.9988787158910348,0.7575757575757576,-0.07070707070707072
0.9871738017468435,0.8181818181818181,-0.05050505050505061
0.9901782839559315,0.898989898989899,-0.010101010101010166
0.9954942190669172,0.4545454545454545,-0.010101010101010166
0.9953851187126992,1.0,0.010101010101010055
0.9973706479344928,0.7373737373737373,-0.09090909090909105
0.9983776452611838,-0.07070707070707072,0.7373737373737373
0.9973706479344928,0.7373737373737373,-0.09090909090909105
0.9871738017468435,0.8181818181818181,-0.05050505050505061
0.998497047142468,-0.21212121212121215,0.19191919191919182
0.9865222983656395,-0.9191919191919193,0.030303030303030276
0.9966501597229898,-0.7777777777777779,0.07070707070707061
0.9988787158910348,0.7575757575757576,-0.07070707070707072
0.9895211299660861,0.23232323232323226,-0.1717171717171717
0.9958649356973448,-0.9393939393939394,-0.010101010101010166
0.9918347299333764,-0.21212121212121215,0.1717171717171716
0.9863324266222221,0.898989898989899,-0.030303030303030498
0.9981188878419877,0.9797979797979798,-0.010101010101010166
0.9892958592041714,0.696969696969697,-0.07070707070707072
0.985682806961025,-0.030303030303030498,0.9595959595959596
0.9973706479344924,-0.7373737373737375,0.09090909090909083
0.9918886017869902,-0.07070707070707072,0.797979797979798
0.9862512251650793,-0.9393939393939394,0.030303030303030276
0.9966501597229898,-0.7777777777777779,0.07070707070707061
0.9951284267461076,-0.7171717171717173,0.07070707070707061
0.9965280539556917,-0.19191919191919204,0.19191919191919182
0.9983776452611838,0.7373737373737373,-0.07070707070707072
0.9966501597229898,-0.7777777777777779,0.07070707070707061
0.998497047142468,0.21212121212121204,-0.19191919191919204
0.9892945717941275,-0.05050505050505061,0.7777777777777778
0.9983480947657326,0.43434343434343425,-0.010101010101010166
0.9824177063965679,0.7373737373737373,-0.11111111111111116
0.9961077451112408,0.41414141414141414,-0.010101010101010166
0.998281689766939,-0.9595959595959598,0.010101010101010055
0.998497047142468,0.21212121212121204,-0.19191919191919204
0.9988787158910348,-0.07070707070707072,0.7575757575757576
0.9852895197963065,-0.4343434343434345,-0.030303030303030498
0.9953851187126992,1.0,0.010101010101010055
0.9983480947657326,-0.4343434343434345,0.010101010101010055
0.9944020085067976,-0.010101010101010166,0.9191919191919192
0.9711749738986055,0.050505050505050386,-0.6767676767676769
0.998281689766939,0.9595959595959596,-0.010101010101010166
0.9877944397819105,-0.010101010101010166,0.3939393939393939
0.9849904908447088,0.030303030303030276,-0.41414141414141437
0.998497047142468,0.21212121212121204,-0.19191919191919204
0.9988787158910348,0.7575757575757576,-0.07070707070707072
0.9953851187126992,-0.010101010101010166,-1.0
0.9983776452611831,-0.7373737373737375,0.07070707070707061
0.9865222983656398,0.9191919191919192,-0.030303030303030498
0.9862512251650793,0.030303030303030276,-0.9393939393939394
0.9892945717941275,-0.05050505050505061,0.7777777777777778
0.9940914617002526,0.7171717171717171,-0.09090909090909105
0.9842809811879237,-0.8383838383838385,0.050505050505050386
0.9983480947657326,0.43434343434343425,-0.010101010101010166
0.9970854440626187,0.9393939393939394,-0.010101010101010166
0.9983480947657326,0.43434343434343425,-0.010101010101010166
0.9967871647557598,-0.010101010101010166,1.0
0.9886147379654531,0.4747474747474747,-0.010101010101010166
0.9865222983656398,0.9191919191919192,-0.030303030303030498
0.9988787158910348,0.7575757575757576,-0.07070707070707072
0.998497047142468,0.21212121212121204,-0.19191919191919204
0.9983480947657326,-0.4343434343434345,0.010101010101010055
0.9970854440626187,0.9393939393939394,-0.010101010101010166
0.9853003584355792,-0.4343434343434345,0.030303030303030276
0.9940914617002526,0.7171717171717171,-0.09090909090909105
0.9865222983656395,-0.9191919191919193,0.030303030303030276
0.9983444343012228,0.010101010101010055,0.43434343434343425
0.9988787158910348,0.07070707070707061,-0.7575757575757578
0.9973706479344928,0.7373737373737373,-0.09090909090909105
0.9983444343012225,-0.4343434343434345,-0.010101010101010166
0.9970854440626187,-0.010101010101010166,0.9393939393939394
0.998497047142468,-0.21212121212121215,0.19191919191919182
0.9983480947657328,0.010101010101010055,-0.4343434343434345
0.9981728436635197,0.010101010101010055,0.9595959595959596
0.9967871647557598,-1.0,0.010101010101010055
0.9916640835037451,-0.09090909090909105,0.7777777777777778
0.9944020085067974,0.010101010101010055,-0.9191919191919193
0.9973706479344928,0.7373737373737373,-0.09090909090909105
0.9983776452611831,-0.7373737373737375,0.07070707070707061
0.9892945717941273,0.7777777777777778,-0.05050505050505061
0.9983444343012225,-0.4343434343434345,-0.010101010101010166
0.9988787158910348,-0.7575757575757578,0.07070707070707061
0.9970854440626187,-0.9393939393939394,0.010101010101010055
0.9772151131290575,0.4747474747474747,-0.030303030303030498
0.9973706479344928,0.7373737373737373,-0.09090909090909105
0.9840185794618048,-0.030303030303030498,0.8585858585858586
0.9785494811410963,0.7171717171717171,-0.11111111111111116
0.9918886017869909,0.07070707070707061,-0.7979797979797982
0.9983776452611831,-0.7373737373737375,0.07070707070707061
0.9966501597229891,0.7777777777777778,-0.07070707070707072
0.998497047142468,-0.21212121212121215,0.19191919191919182
0.9916640835037456,-0.7777777777777779,0.09090909090909083
0.9863324266222221,0.898989898989899,-0.030303030303030498
0.9817117195319975,0.030303030303030276,-0.8383838383838385
0.9983444343012228,0.010101010101010055,0.43434343434343425
0.9918347299333764,-0.21212121212121215,0.1717171717171716
0.9892945717941279,-0.7777777777777779,0.050505050505050386
0.985682806961025,0.9595959595959596,-0.030303030303030498
0.9988787158910348,0.7575757575757576,-0.07070707070707072
0.9981188878419874,-0.9797979797979799,0.010101010101010055
0.9953660364598484,0.41414141414141414,0.010101010101010055
0.980388584612806,0.1717171717171716,-0.19191919191919204
0.998281689766939,0.9595959595959596,-0.010101010101010166
0.9983444343012228,0.010101010101010055,0.43434343434343425
0.9618491867729086,0.2525252525252525,-0.19191919191919204
0.9892945717941273,0.7777777777777778,-0.05050505050505061
0.9965215868655037,-0.09090909090909105,0.7575757575757576
0.9826372986091999,-0.030303030303030498,-0.9393939393939394
0.9521204981031954,-0.7575757575757578,0.13131313131313127
0.9846210200584986,-0.010101010101010166,-0.39393939393939403
0.9966501597229898,-0.7777777777777779,0.07070707070707061
0.9983776452611838,0.7373737373737373,-0.07070707070707072
0.9865222983656395,-0.9191919191919193,0.030303030303030276
0.9944020085067974,-0.9191919191919193,0.010101010101010055
0.9965215868655044,-0.7575757575757578,0.09090909090909083
0.9918347299333766,0.1717171717171716,-0.21212121212121215
0.9970854440626187,-0.9393939393939394,0.010101010101010055
0.9882241310134933,0.050505050505050386,-0.7575757575757578
0.9983444343012225,-0.4343434343434345,-0.010101010101010166
0.9983480947657326,-0.4343434343434345,0.010101010101010055
0.9988787158910348,0.7575757575757576,-0.07070707070707072
0.9803885846128053,0.19191919191919182,-0.1717171717171717
0.9944020085067976,-0.010101010101010166,0.9191919191919192
0.9619035789947394,0.2525252525252525,-0.1313131313131315
0.9981188878419877,-0.010101010101010166,0.9797979797979798
0.9716004985544692,-0.8181818181818183,0.09090909090909083
0.9707775644533094,0.030303030303030276,-0.3737373737373739
0.9953851187126992,-1.0,-0.010101010101010166
0.9895211299660865,-0.2323232323232325,0.1717171717171716
0.9983444343012225,-0.4343434343434345,-0.010101010101010166
0.9831630634957035,-0.7979797979797982,0.09090909090909083
0.9973706479344924,-0.7373737373737375,0.09090909090909083
0.9983776452611838,0.7373737373737373,-0.07070707070707072
0.9871738017468435,-0.05050505050505061,0.8181818181818181
0.9901782839559315,-0.010101010101010166,0.898989898989899
0.9983480947657326,0.43434343434343425,-0.010101010101010166
0.9958649356973448,0.010101010101010055,0.9393939393939394
0.9983480947657326,0.43434343434343425,-0.010101010101010166
0.9773269673830657,0.010101010101010055,-0.8585858585858588
0.9988787158910348,-0.07070707070707072,0.7575757575757576
0.9988787158910348,-0.7575757575757578,0.07070707070707061
0.9944020085067974,0.010101010101010055,-0.9191919191919193
0.9983444343012225,0.43434343434343425,0.010101010101010055
0.955985137392871,0.23232323232323226,-0.1313131313131315
0.9918886017869902,-0.07070707070707072,0.797979797979798
0.9981728436635192,-0.010101010101010166,-0.9595959595959598
0.9981728436635197,0.010101010101010055,0.9595959595959596
0.9983776452611831,-0.7373737373737375,0.07070707070707061
0.9966501597229891,-0.07070707070707072,0.7777777777777778
0.998497047142468,0.19191919191919182,-0.21212121212121215
0.9818604416116403,0.7171717171717171,-0.05050505050505061
0.9983776452611838,0.7373737373737373,-0.07070707070707072
0.9773269673830657,0.010101010101010055,-0.8585858585858588
0.9973706479344928,-0.09090909090909105,0.7373737373737373
0.998497047142468,0.21212121212121204,-0.19191919191919204
0.9961077451112408,0.41414141414141414,-0.010101010101010166
0.9865222983656398,0.9191919191919192,-0.030303030303030498
0.9889108832257432,-0.7979797979797982,0.050505050505050386
0.9953851187126992,-0.010101010101010166,-1.0
0.9953851187126992,1.0,0.010101010101010055
0.9714009442482681,-0.21212121212121215,0.1515151515151515
0.9981728436635197,0.9595959595959596,0.010101010101010055
0.9918886017869902,0.797979797979798,-0.07070707070707072
0.9918347299333764,-0.21212121212121215,0.1717171717171716
0.9831630634957035,-0.7979797979797982,0.09090909090909083
0.998497047142468,-0.21212121212121215,0.19191919191919182
0.998497047142468,-0.19191919191919204,0.21212121212121204
0.9702800298376529,0.21212121212121204,-0.2323232323232325
0.9618491867729086,-0.2525252525252526,0.19191919191919182
0.9988787158910348,-0.7575757575757578,0.07070707070707061
0.9908810411549933,0.9191919191919192,0.010101010101010055
0.9741399768547003,0.1515151515151515,-0.2525252525252526
0.9916640835037451,-0.09090909090909105,0.7777777777777778
0.9865222983656398,0.9191919191919192,-0.030303030303030498
0.998497047142468,-0.21212121212121215,0.19191919191919182
0.9958649356973448,0.010101010101010055,0.9393939393939394
0.9965215868655044,-0.7575757575757578,0.09090909090909083
0.9970854440626187,0.010101010101010055,-0.9393939393939394
0.9953660364598487,0.010101010101010055,0.41414141414141414
0.9983776452611838,0.7373737373737373,-0.07070707070707072
0.9918347299333766,0.21212121212121204,-0.1717171717171717
0.9983480947657326,0.43434343434343425,-0.010101010101010166
0.9973706479344928,0.7373737373737373,-0.09090909090909105
0.9674038163681494,-0.05050505050505061,0.9191919191919192
0.9966501597229898,0.07070707070707061,-0.7777777777777779
0.9945519879738218,-0.4545454545454546,-0.010101010101010166
0.9857066452631947,0.7373737373737373,-0.05050505050505061
0.9901782839559318,0.010101010101010055,-0.8989898989898992
0.9954942190669172,-0.010101010101010166,0.4545454545454545
0.9983444343012225,-0.4343434343434345,-0.010101010101010166
0.994551987973822,0.010101010101010055,0.4545454545454545
0.9824177063965679,0.7373737373737373,-0.11111111111111116
0.9954942190669169,0.010101010101010055,-0.4545454545454546
0.9983444343012225,0.43434343434343425,0.010101010101010055
0.9918886017869909,-0.7979797979797982,0.07070707070707061
0.998281689766939,0.9595959595959596,-0.010101010101010166
0.9892945717941279,-0.7777777777777779,0.050505050505050386
0.9983776452611831,-0.7373737373737375,0.07070707070707061
0.9831630634957033,0.797979797979798,-0.09090909090909105
0.9812209897816389,-0.07070707070707072,0.6767676767676767
0.9988787158910348,-0.7575757575757578,0.07070707070707061
0.9537628815420955,-0.7373737373737375,0.13131313131313127
0.9740970033875168,0.7777777777777778,-0.11111111111111116
0.9951284267461078,0.7171717171717171,-0.07070707070707072
0.9966501597229898,-0.7777777777777779,0.07070707070707061
0.9983776452611838,0.7373737373737373,-0.07070707070707072
0.9892945717941279,-0.7777777777777779,0.050505050505050386
0.9871738017468438,-0.8181818181818183,0.050505050505050386
0.9824177063965679,0.7373737373737373,-0.11111111111111116
0.998497047142468,-0.19191919191919204,0.21212121212121204
0.9958649356973448,-0.010101010101010166,-0.9393939393939394
0.9967871647557598,-1.0,0.010101010101010055
0.9853605135340858,-0.9595959595959598,-0.030303030303030498
0.982417706396567,-0.7373737373737375,0.11111111111111105
0.9911674135677025,0.21212121212121204,-0.21212121212121215
0.998497047142468,-0.21212121212121215,0.19191919191919182
0.9988787158910348,-0.7575757575757578,0.07070707070707061
0.9973706479344924,-0.7373737373737375,0.09090909090909083
0.9824177063965679,0.7373737373737373,-0.11111111111111116
0.9863324266222221,0.898989898989899,-0.030303030303030498
0.9981728436635192,-0.9595959595959598,-0.010101010101010166
0.9988787158910348,-0.7575757575757578,0.07070707070707061
0.994551987973822,0.010101010101010055,0.4545454545454545
0.9740970033875173,-0.7777777777777779,0.11111111111111105
0.9953660364598482,-0.41414141414141437,-0.010101010101010166
0.9983480947657326,0.43434343434343425,-0.010101010101010166
0.9892958592041714,-0.696969696969697,0.07070707070707061
0.9983776452611838,0.7373737373737373,-0.07070707070707072
0.9741399768547003,-0.2525252525252526,0.1515151515151515
0.9892945717941273,0.7777777777777778,-0.05050505050505061
0.9951284267461076,-0.7171717171717173,0.07070707070707061
0.998497047142468,-0.21212121212121215,0.19191919191919182
0.9731266240799099,0.010101010101010055,0.8787878787878788
0.9973706479344924,-0.7373737373737375,0.09090909090909083
0.9981728436635197,0.9595959595959596,0.010101010101010055
0.9967871647557598,0.010101010101010055,-1.0
0.998281689766939,0.9595959595959596,-0.010101010101010166
0.9983444343012225,-0.4343434343434345,-0.010101010101010166
0.9983444343012228,-0.010101010101010166,-0.4343434343434345
0.9983480947657326,-0.4343434343434345,0.010101010101010055
0.9918347299333766,0.21212121212121204,-0.1717171717171717
0.9877944397819105,0.3939393939393939,-0.010101010101010166
0.9803885846128053,-0.1717171717171717,0.19191919191919182
0.9824177063965679,-0.11111111111111116,0.7373737373737373
0.9853605135340858,0.9595959595959596,0.030303030303030276
0.9983444343012225,-0.4343434343434345,-0.010101010101010166
0.984312936679339,0.030303030303030276,-1.0
0.9967871647557598,-1.0,0.010101010101010055
0.9901782839559315,-0.010101010101010166,0.898989898989899
0.9967871647557598,-0.010101010101010166,1.0
0.9979281451734132,0.9797979797979798,0.010101010101010055
0.9892945717941279,-0.7777777777777779,0.050505050505050386
0.9871738017468435,-0.05050505050505061,0.8181818181818181
0.997928145173413,-0.9797979797979799,-0.010101010101010166
0.9856828069610245,-0.9595959595959598,0.030303030303030276
0.9973706479344924,0.09090909090909083,-0.7373737373737375
0.984952030595294,-0.8181818181818183,0.07070707070707061
0.9965280539556917,0.19191919191919182,-0.19191919191919204
0.9855358129271774,-0.030303030303030498,0.8787878787878788
0.998281689766939,-0.9595959595959598,0.010101010101010055
0.9983776452611831,0.07070707070707061,-0.7373737373737375
0.9961077451112408,0.41414141414141414,-0.010101010101010166
0.9886147379654531,0.4747474747474747,-0.010101010101010166
0.9803885846128053,-0.1717171717171717,0.19191919191919182
0.9953851187126992,-1.0,-0.010101010101010166
0.9895211299660861,-0.1717171717171717,0.23232323232323226
0.9853605135340858,0.030303030303030276,0.9595959595959596
0.9988787158910348,-0.7575757575757578,0.07070707070707061
0.9865222983656398,0.9191919191919192,-0.030303030303030498
0.9865222983656395,-0.9191919191919193,0.030303030303030276
0.9908810411549933,0.9191919191919192,0.010101010101010055
0.9965280539556917,-0.19191919191919204,0.19191919191919182
0.9911674135677025,0.21212121212121204,-0.21212121212121215
0.9983444343012228,-0.010101010101010166,-0.4343434343434345
0.9958649356973448,0.9393939393939394,0.010101010101010055
0.9637444611265293,-0.030303030303030498,0.5151515151515151
0.998281689766939,-0.9595959595959598,0.010101010101010055
0.9981188878419877,0.9797979797979798,-0.010101010101010166
0.9965215868655044,-0.7575757575757578,0.09090909090909083
0.9981728436635197,0.9595959595959596,0.010101010101010055
0.9970854440626187,-0.010101010101010166,0.9393939393939394
0.9983480947657326,0.43434343434343425,-0.010101010101010166
0.9877944397819105,-0.010101010101010166,0.3939393939393939
0.9981728436635197,0.010101010101010055,0.9595959595959596
0.9944020085067976,0.9191919191919192,-0.010101010101010166
0.998497047142468,-0.21212121212121215,0.19191919191919182
0.994551987973822,0.010101010101010055,0.4545454545454545
0.994551987973822,0.010101010101010055,0.4545454545454545
0.9970854440626187,0.010101010101010055,-0.9393939393939394
0.9988787158910348,0.7575757575757576,-0.07070707070707072
0.9702800298376529,0.21212121212121204,-0.2323232323232325
0.9944020085067976,-0.010101010101010166,0.9191919191919192
0.9983480947657328,0.010101010101010055,-0.4343434343434345
0.9970854440626187,-0.9393939393939394,0.010101010101010055
0.9965215868655042,0.7575757575757576,-0.09090909090909105
0.9916640835037456,-0.7777777777777779,0.09090909090909083
0.9619035789947394,0.2525252525252525,-0.1313131313131315
0.9804656917092484,-0.030303030303030498,0.3939393939393939
0.9965215868655044,-0.7575757575757578,0.09090909090909083
0.9988787158910348,0.7575757575757576,-0.07070707070707072
0.9908810411549933,0.010101010101010055,0.9191919191919192
0.9863324266222219,-0.8989898989898992,0.030303030303030276
0.9983776452611831,-0.7373737373737375,0.07070707070707061
0.9979281451734132,0.010101010101010055,0.9797979797979798
0.9940914617002526,0.7171717171717171,-0.09090909090909105
0.9918347299333764,-0.21212121212121215,0.1717171717171716
0.9983480947657326,0.43434343434343425,-0.010101010101010166
0.9865222983656395,-0.9191919191919193,0.030303030303030276
0.9711749738986053,0.6767676767676767,-0.05050505050505061
0.9741399768547008,0.2525252525252525,-0.1515151515151516
0.9918886017869909,-0.7979797979797982,0.07070707070707061
0.9983480947657326,-0.4343434343434345,0.010101010101010055
0.9951284267461076,-0.7171717171717173,0.07070707070707061
0.9983480947657326,0.43434343434343425,-0.010101010101010166
0.9892945717941275,-0.05050505050505061,0.7777777777777778
0.9889108832257425,0.797979797979798,-0.05050505050505061
0.9973706479344928,-0.09090909090909105,0.7373737373737373
0.9961077451112408,0.41414141414141414,-0.010101010101010166
0.9863324266222221,0.898989898989899,-0.030303030303030498
0.9965280539556917,-0.19191919191919204,0.19191919191919182
0.9983776452611831,-0.7373737373737375,0.07070707070707061
0.9983480947657328,-0.010101010101010166,0.43434343434343425
0.9759573485091707,-0.09090909090909105,0.6767676767676767
0.972569483758563,-0.010101010101010166,0.3737373737373737
0.9983444343012228,-0.010101010101010166,-0.4343434343434345
0.9961077451112408,0.41414141414141414,-0.010101010101010166
0.9790822587927303,-0.1515151515151516,0.23232323232323226
0.998497047142468,0.19191919191919182,-0.21212121212121215
0.9988787158910348,-0.7575757575757578,0.07070707070707061
0.9983480947657326,-0.4343434343434345,0.010101010101010055
0.9970854440626187,-0.010101010101010166,0.9393939393939394
0.9983480947657326,0.43434343434343425,-0.010101010101010166
0.9954942190669172,0.4545454545454545,-0.010101010101010166
0.9966501597229898,-0.7777777777777779,0.07070707070707061
0.9916640835037456,0.09090909090909083,-0.7777777777777779
0.9803885846128053,0.19191919191919182,-0.1717171717171717
0.9973706479344928,0.7373737373737373,-0.09090909090909105
0.9988787158910348,0.7575757575757576,-0.07070707070707072
0.9981188878419874,-0.9797979797979799,0.010101010101010055
0.962762571815833,0.3939393939393939,-0.05050505050505061
0.9983444343012225,-0.4343434343434345,-0.010101010101010166
0.998497047142468,0.21212121212121204,-0.19191919191919204
0.9983776452611831,-0.7373737373737375,0.07070707070707061
0.9958649356973448,-0.9393939393939394,-0.010101010101010166
0.9824177063965679,0.7373737373737373,-0.11111111111111116
0.9856828069610245,0.030303030303030276,-0.9595959595959598
0.9965280539556917,0.19191919191919182,-0.19191919191919204
0.998281689766939,-0.9595959595959598,0.010101010101010055
0.9877944397819105,0.3939393939393939,-0.010101010101010166
0.9979281451734132,0.9797979797979798,0.010101010101010055
0.9965280539556917,-0.19191919191919204,0.19191919191919182
0.9918347299333766,0.21212121212121204,-0.1717171717171717
0.998497047142468,-0.21212121212121215,0.19191919191919182
0.9865222983656398,0.9191919191919192,-0.030303030303030498
0.9988787158910348,0.7575757575757576,-0.07070707070707072
0.9983444343012225,0.43434343434343425,0.010101010101010055
0.998281689766939,0.9595959595959596,-0.010101010101010166
0.9790822587927303,-0.2323232323232325,0.1515151515151515
0.9844194395063087,0.030303030303030276,0.9797979797979798
0.9988787158910348,-0.7575757575757578,0.07070707070707061
0.9895211299660865,-0.2323232323232325,0.1717171717171716
0.9983444343012225,-0.4343434343434345,-0.010101010101010166
0.9944020085067974,-0.9191919191919193,0.010101010101010055
0.9785494811410963,0.7171717171717171,-0.11111111111111116
0.9951284267461076,-0.7171717171717173,0.07070707070707061
0.9988787158910348,0.7575757575757576,-0.07070707070707072
0.9868224822068873,0.696969696969697,-0.09090909090909105
0.9918886017869909,-0.7979797979797982,0.07070707070707061
0.9840185794618044,-0.8585858585858588,0.030303030303030276
0.9863324266222219,-0.8989898989898992,0.030303030303030276
0.9983480947657326,0.43434343434343425,-0.010101010101010166
0.9826372986091997,-0.9393939393939394,-0.030303030303030498
0.9785494811410963,-0.11111111111111116,0.7171717171717171
0.9908810411549933,-0.9191919191919193,-0.010101010101010166
0.9988787158910348,-0.7575757575757578,0.07070707070707061
0.9865222983656398,0.9191919191919192,-0.030303030303030498
0.9965215868655044,-0.7575757575757578,0.09090909090909083
0.9851678335170306,-0.010101010101010166,-0.4747474747474749
0.9983444343012225,0.43434343434343425,0.010101010101010055
0.9983480947657326,0.43434343434343425,-0.010101010101010166
0.9981728436635197,0.9595959595959596,0.010101010101010055
0.9965215868655042,0.7575757575757576,-0.09090909090909105
0.998281689766939,-0.9595959595959598,0.010101010101010055
0.9983444343012225,-0.4343434343434345,-0.010101010101010166
0.9981188878419874,-0.9797979797979799,0.010101010101010055
0.9988787158910348,-0.7575757575757578,0.07070707070707061
0.998497047142468,0.21212121212121204,-0.19191919191919204
0.9953851187126992,0.010101010101010055,1.0
0.9983444343012228,-0.010101010101010166,-0.4343434343434345
0.9868224822068873,0.696969696969697,-0.09090909090909105
0.9988787158910348,-0.7575757575757578,0.07070707070707061
0.9988787158910348,0.07070707070707061,-0.7575757575757578
0.998497047142468,0.21212121212121204,-0.19191919191919204
0.9863324266222221,0.898989898989899,-0.030303030303030498
0.9871738017468438,-0.8181818181818183,0.050505050505050386
0.9951284267461078,0.7171717171717171,-0.07070707070707072
0.9801614768682093,-0.030303030303030498,-1.0
0.9865222983656398,0.9191919191919192,-0.030303030303030498
0.9871738017468438,-0.8181818181818183,0.050505050505050386
0.9871738017468435,0.8181818181818181,-0.05050505050505061
0.998497047142468,0.21212121212121204,-0.19191919191919204
0.9892945717941279,-0.7777777777777779,0.050505050505050386
0.9908810411549933,0.9191919191919192,0.010101010101010055
0.9856828069610245,-0.9595959595959598,0.030303030303030276
0.9911674135677025,-0.21212121212121215,0.21212121212121204
0.9988787158910348,-0.7575757575757578,0.07070707070707061
0.9983480947657328,-0.010101010101010166,0.43434343434343425
0.9918347299333764,-0.21212121212121215,0.1717171717171716
0.9988787158910348,0.7575757575757576,-0.07070707070707072
0.9983480947657326,-0.4343434343434345,0.010101010101010055
0.9895211299660863,0.1717171717171716,-0.2323232323232325
0.971600498554469,0.8181818181818181,-0.09090909090909105
0.9916640835037456,-0.7777777777777779,0.09090909090909083
0.9714009442482681,-0.21212121212121215,0.1515151515151515
0.9868224822068873,-0.696969696969697,0.09090909090909083
0.9868224822068873,0.696969696969697,-0.09090909090909105
0.9965215868655044,-0.7575757575757578,0.09090909090909083
0.998497047142468,-0.19191919191919204,0.21212121212121204
0.982417706396567,-0.7373737373737375,0.11111111111111105
0.9988787158910348,0.7575757575757576,-0.07070707070707072
0.9967871647557598,-1.0,0.010101010101010055
0.9741399768547003,-0.2525252525252526,0.1515151515151515
0.9973706479344924,-0.7373737373737375,0.09090909090909083
0.998497047142468,-0.21212121212121215,0.19191919191919182
0.9961077451112408,0.41414141414141414,-0.010101010101010166
0.9983776452611838,0.7373737373737373,-0.07070707070707072
0.9865222983656395,-0.9191919191919193,0.030303030303030276
0.9918347299333766,0.21212121212121204,-0.1717171717171717
0.9889108832257425,0.797979797979798,-0.05050505050505061
0.9895211299660861,0.23232323232323226,-0.1717171717171717
0.9988787158910348,-0.7575757575757578,0.07070707070707061
0.9863324266222219,-0.8989898989898992,0.030303030303030276
0.9868224822068873,-0.696969696969697,0.09090909090909083
0.9973706479344928,0.7373737373737373,-0.09090909090909105
0.9862512251650793,0.9393939393939394,-0.030303030303030498
0.9865222983656398,0.9191919191919192,-0.030303030303030498
0.9983480947657326,0.43434343434343425,-0.010101010101010166
0.9973706479344924,-0.7373737373737375,0.09090909090909083
0.9965215868655042,0.7575757575757576,-0.09090909090909105
0.985682806961025,0.9595959595959596,-0.030303030303030498
0.9951284267461076,-0.7171717171717173,0.07070707070707061
0.9958649356973448,-0.9393939393939394,-0.010101010101010166
0.9742845073653863,-0.2525252525252526,0.1717171717171716
0.9852895197963065,-0.030303030303030498,-0.4343434343434345
0.9983444343012225,0.43434343434343425,0.010101010101010055
0.9951284267461076,0.07070707070707061,-0.7171717171717173
0.988224131013493,0.7575757575757576,-0.05050505050505061
0.9940914617002526,0.7171717171717171,-0.09090909090909105
0.9953660364598484,-0.010101010101010166,-0.41414141414141437
0.997928145173413,-0.9797979797979799,-0.010101010101010166
0.9988787158910348,-0.7575757575757578,0.07070707070707061
0.9853003584355792,0.030303030303030276,-0.4343434343434345
0.9951284267461076,-0.7171717171717173,0.07070707070707061
0.9983480947657328,-0.010101010101010166,0.43434343434343425
0.9889108832257432,-0.7979797979797982,0.050505050505050386
0.9865222983656398,0.9191919191919192,-0.030303030303030498
0.9958649356973448,0.9393939393939394,0.010101010101010055
0.9911674135677025,-0.21212121212121215,0.21212121212121204
0.9892958592041712,-0.07070707070707072,0.696969696969697
0.985535812927177,-0.8787878787878789,0.030303030303030276
0.9817117195319982,0.8383838383838383,-0.030303030303030498
0.998281689766939,0.9595959595959596,-0.010101010101010166
0.9983480947657326,0.43434343434343425,-0.010101010101010166
0.9595755220056595,-0.4343434343434345,-0.05050505050505061
0.9868224822068873,0.696969696969697,-0.09090909090909105
0.9988787158910348,0.7575757575757576,-0.07070707070707072
0.9983480947657326,-0.4343434343434345,0.010101010101010055
0.980388584612806,-0.19191919191919204,0.1717171717171716
0.9940914617002526,0.7171717171717171,-0.09090909090909105
0.9954942190669172,-0.010101010101010166,0.4545454545454545
0.9853605135340858,0.9595959595959596,0.030303030303030276
0.9967871647557598,-1.0,0.010101010101010055
0.9818604416116403,0.7171717171717171,-0.05050505050505061
0.9981728436635197,0.9595959595959596,0.010101010101010055
0.9940914617002524,0.09090909090909083,-0.7171717171717173
0.9790822587927303,-0.2323232323232325,0.1515151515151515
0.9988787158910348,-0.7575757575757578,0.07070707070707061
0.9988787158910348,-0.07070707070707072,0.7575757575757576
0.9983776452611838,0.7373737373737373,-0.07070707070707072
0.9983480947657328,0.010101010101010055,-0.4343434343434345
0.9988787158910348,-0.7575757575757578,0.07070707070707061
0.9832433180732039,-0.8989898989898992,-0.010101010101010166
0.9983480947657326,-0.4343434343434345,0.010101010101010055
0.9908810411549933,-0.9191919191919193,-0.010101010101010166
0.9951284267461078,0.7171717171717171,-0.07070707070707072
0.9824177063965679,0.7373737373737373,-0.11111111111111116
0.9918886017869902,0.797979797979798,-0.07070707070707072
0.9741399768547008,0.2525252525252525,-0.1515151515151516
0.9842809811879235,0.8383838383838383,-0.05050505050505061
0.9965280539556917,-0.19191919191919204,0.19191919191919182
0.976096710326172,0.9191919191919192,0.030303030303030276
0.988224131013493,0.7575757575757576,-0.05050505050505061
0.9868224822068873,0.09090909090909083,-0.696969696969697
0.9892945717941273,0.7777777777777778,-0.05050505050505061
0.9824177063965679,-0.11111111111111116,0.7373737373737373
0.9790822587927303,-0.2323232323232325,0.1515151515151515
0.9981728436635192,-0.9595959595959598,-0.010101010101010166
0.9983776452611838,0.7373737373737373,-0.07070707070707072
0.9865222983656395,0.030303030303030276,-0.9191919191919193
0.9965280539556917,-0.19191919191919204,0.19191919191919182
0.9966501597229891,0.7777777777777778,-0.07070707070707072
0.9965215868655044,-0.7575757575757578,0.09090909090909083
0.9981188878419874,0.010101010101010055,-0.9797979797979799
0.998281689766939,-0.9595959595959598,0.010101010101010055
0.9988787158910348,0.7575757575757576,-0.07070707070707072
0.9857066452631947,0.7373737373737373,-0.05050505050505061
0.9826372986091997,-0.9393939393939394,-0.030303030303030498
0.9973706479344928,-0.09090909090909105,0.7373737373737373
0.9865222983656395,-0.9191919191919193,0.030303030303030276
0.9940914617002524,-0.7171717171717173,0.09090909090909083
0.9892945717941279,-0.7777777777777779,0.050505050505050386
0.9988787158910348,-0.7575757575757578,0.07070707070707061
0.9882241310134933,-0.7575757575757578,0.050505050505050386
0.9988787158910348,0.7575757575757576,-0.07070707070707072
0.9983776452611838,0.7373737373737373,-0.07070707070707072
0.998281689766939,-0.9595959595959598,0.010101010101010055
0.9865222983656398,0.9191919191919192,-0.030303030303030498
0.9826372986091999,-0.030303030303030498,-0.9393939393939394
0.982417706396567,-0.7373737373737375,0.11111111111111105
0.9818604416116405,-0.7171717171717173,0.050505050505050386
0.9965215868655042,0.7575757575757576,-0.09090909090909105
0.9983776452611831,-0.7373737373737375,0.07070707070707061
0.9988787158910348,0.07070707070707061,-0.7575757575757578
0.9889108832257425,0.797979797979798,-0.05050505050505061
0.9958649356973448,-0.9393939393939394,-0.010101010101010166
0.9988787158910348,0.7575757575757576,-0.07070707070707072
0.9710691925637333,-0.030303030303030498,-0.39393939393939403
0.9983444343012225,0.43434343434343425,0.010101010101010055
0.9824177063965679,0.7373737373737373,-0.11111111111111116
0.9953851187126992,-1.0,-0.010101010101010166
0.9895211299660861,0.23232323232323226,-0.1717171717171717
0.9918347299333764,-0.21212121212121215,0.1717171717171716
0.9951284267461076,-0.7171717171717173,0.07070707070707061
0.9965215868655044,-0.7575757575757578,0.09090909090909083
0.9892945717941279,-0.7777777777777779,0.050505050505050386
0.967008825424559,0.030303030303030276,0.4747474747474747
0.9988787158910348,0.7575757575757576,-0.07070707070707072
0.9863324266222219,-0.8989898989898992,0.030303030303030276
0.9824177063965679,0.7373737373737373,-0.11111111111111116
0.9979281451734132,0.010101010101010055,0.9797979797979798
0.9863324266222219,-0.8989898989898992,0.030303030303030276
0.9973706479344928,0.7373737373737373,-0.09090909090909105
0.998497047142468,-0.21212121212121215,0.19191919191919182
0.9979281451734132,0.9797979797979798,0.010101010101010055
0.9973706479344928,-0.09090909090909105,0.7373737373737373
0.9844194395063087,0.030303030303030276,0.9797979797979798
0.9988787158910348,-0.7575757575757578,0.07070707070707061
0.9983480947657326,0.43434343434343425,-0.010101010101010166
0.9868224822068873,0.09090909090909083,-0.696969696969697
0.982417706396567,0.11111111111111105,-0.7373737373737375
0.9983444343012228,-0.010101010101010166,-0.4343434343434345
0.998497047142468,-0.21212121212121215,0.19191919191919182
0.9973706479344928,-0.09090909090909105,0.7373737373737373
0.9966501597229891,0.7777777777777778,-0.07070707070707072
0.9961077451112408,0.41414141414141414,-0.010101010101010166
0.9983444343012225,0.43434343434343425,0.010101010101010055
0.9988787158910348,-0.07070707070707072,0.7575757575757576
0.9842809811879237,0.050505050505050386,-0.8383838383838385
0.9988787158910348,-0.7575757575757578,0.07070707070707061
0.9717021217661355,-0.05050505050505061,0.898989898989899
0.9803885846128053,0.19191919191919182,-0.1717171717171717
0.9967871647557598,-1.0,0.010101010101010055
0.9983444343012225,-0.4343434343434345,-0.010101010101010166
0.9694104303090474,0.696969696969697,-0.11111111111111116
0.9988787158910348,-0.07070707070707072,0.7575757575757576
0.998497047142468,-0.21212121212121215,0.19191919191919182
0.9818604416116403,0.7171717171717171,-0.05050505050505061
0.984952030595294,-0.8181818181818183,0.07070707070707061
0.9953660364598484,-0.010101010101010166,-0.41414141414141437
0.9843129366793387,-1.0,0.030303030303030276
0.962762571815833,0.3939393939393939,-0.05050505050505061
0.9808718753170094,-0.7575757575757578,0.11111111111111105
0.9965215868655044,-0.7575757575757578,0.09090909090909083
0.9818604416116403,-0.05050505050505061,0.7171717171717171
0.9619035789947394,0.2525252525252525,-0.1313131313131315
0.9871738017468435,0.8181818181818181,-0.05050505050505061
0.9973706479344924,-0.7373737373737375,0.09090909090909083
0.9983444343012225,-0.4343434343434345,-0.010101010101010166
0.9965215868655042,0.7575757575757576,-0.09090909090909105
0.9857066452631945,-0.7373737373737375,0.050505050505050386
0.9889108832257425,-0.05050505050505061,0.797979797979798
0.9945519879738218,-0.010101010101010166,-0.4545454545454546
0.9953851187126992,-1.0,-0.010101010101010166
0.9983776452611838,0.7373737373737373,-0.07070707070707072
0.9988787158910348,0.7575757575757576,-0.07070707070707072
0.9966501597229898,0.07070707070707061,-0.7777777777777779
0.9988787158910348,-0.07070707070707072,0.7575757575757576
0.9918347299333766,0.21212121212121204,-0.1717171717171717
0.9849904908447088,-0.030303030303030498,0.41414141414141414
0.9983444343012225,0.43434343434343425,0.010101010101010055
